{
  "ebcd01256c36b2c89fc4f17bcc0af632" : {
    "statistic" : {
      "failed" : 0,
      "broken" : 1,
      "skipped" : 0,
      "passed" : 0,
      "unknown" : 0,
      "total" : 1
    },
    "items" : [ {
      "uid" : "86588d086a5c1577",
      "status" : "broken",
      "statusDetails" : "selenium.common.exceptions.WebDriverException: Message: unknown error: cannot connect to chrome at 127.0.0.1:9222\nfrom chrome not reachable\nStacktrace:\nBacktrace:\n\tOrdinal0 [0x002EAF23+2207523]\n\tOrdinal0 [0x002830E1+1781985]\n\tOrdinal0 [0x00193EB0+802480]\n\tOrdinal0 [0x00189835+759861]\n\tOrdinal0 [0x001B5432+939058]\n\tOrdinal0 [0x001AEB0D+912141]\n\tOrdinal0 [0x001AE8E6+911590]\n\tOrdinal0 [0x001E2200+1122816]\n\tOrdinal0 [0x001E1E5A+1121882]\n\tOrdinal0 [0x001DD406+1102854]\n\tOrdinal0 [0x001B75F0+947696]\n\tOrdinal0 [0x001B84E6+951526]\n\tGetHandleVerifier [0x00592A12+2733954]\n\tGetHandleVerifier [0x00584E28+2677656]\n\tGetHandleVerifier [0x003746EA+513114]\n\tGetHandleVerifier [0x00373796+509190]\n\tOrdinal0 [0x00289CEB+1809643]\n\tOrdinal0 [0x0028E448+1827912]\n\tOrdinal0 [0x0028E535+1828149]\n\tOrdinal0 [0x00297960+1866080]\n\tBaseThreadInitThunk [0x74BA8744+36]\n\tRtlGetAppContainerNamedObjectPath [0x7726584D+253]\n\tRtlGetAppContainerNamedObjectPath [0x7726581D+205]\n\t(No symbol) [0x00000000]",
      "time" : {
        "start" : 1657492788775,
        "stop" : 1657492788775,
        "duration" : 0
      }
    } ]
  },
  "4b92e08fa1ae49c7f26ff30c0e40b553" : {
    "statistic" : {
      "failed" : 0,
      "broken" : 1,
      "skipped" : 0,
      "passed" : 0,
      "unknown" : 0,
      "total" : 1
    },
    "items" : [ {
      "uid" : "a2d0ac99b21b63d8",
      "status" : "broken",
      "statusDetails" : "selenium.common.exceptions.WebDriverException: Message: unknown error: cannot connect to chrome at 127.0.0.1:9222\nfrom chrome not reachable\nStacktrace:\nBacktrace:\n\tOrdinal0 [0x002EAF23+2207523]\n\tOrdinal0 [0x002830E1+1781985]\n\tOrdinal0 [0x00193EB0+802480]\n\tOrdinal0 [0x00189835+759861]\n\tOrdinal0 [0x001B5432+939058]\n\tOrdinal0 [0x001AEB0D+912141]\n\tOrdinal0 [0x001AE8E6+911590]\n\tOrdinal0 [0x001E2200+1122816]\n\tOrdinal0 [0x001E1E5A+1121882]\n\tOrdinal0 [0x001DD406+1102854]\n\tOrdinal0 [0x001B75F0+947696]\n\tOrdinal0 [0x001B84E6+951526]\n\tGetHandleVerifier [0x00592A12+2733954]\n\tGetHandleVerifier [0x00584E28+2677656]\n\tGetHandleVerifier [0x003746EA+513114]\n\tGetHandleVerifier [0x00373796+509190]\n\tOrdinal0 [0x00289CEB+1809643]\n\tOrdinal0 [0x0028E448+1827912]\n\tOrdinal0 [0x0028E535+1828149]\n\tOrdinal0 [0x00297960+1866080]\n\tBaseThreadInitThunk [0x74BA8744+36]\n\tRtlGetAppContainerNamedObjectPath [0x7726584D+253]\n\tRtlGetAppContainerNamedObjectPath [0x7726581D+205]\n\t(No symbol) [0x00000000]",
      "time" : {
        "start" : 1657492856894,
        "stop" : 1657492856894,
        "duration" : 0
      }
    } ]
  }
}