{
  "uid" : "b1a8273437954620fa374b796ffaacdd",
  "name" : "behaviors",
  "children" : [ {
    "name" : "淘宝购物",
    "uid" : "86588d086a5c1577",
    "parentUid" : "b1a8273437954620fa374b796ffaacdd",
    "status" : "broken",
    "time" : {
      "start" : 1657492788775,
      "stop" : 1657492788775,
      "duration" : 0
    },
    "flaky" : false,
    "newFailed" : false,
    "parameters" : [ ]
  }, {
    "name" : "test_del_goods",
    "uid" : "a2d0ac99b21b63d8",
    "parentUid" : "b1a8273437954620fa374b796ffaacdd",
    "status" : "broken",
    "time" : {
      "start" : 1657492856894,
      "stop" : 1657492856894,
      "duration" : 0
    },
    "flaky" : false,
    "newFailed" : false,
    "parameters" : [ ]
  } ]
}