{
  "uid" : "4b4757e66a1912dae1a509f688f20b0f",
  "name" : "categories",
  "children" : [ {
    "name" : "Test defects",
    "children" : [ {
      "name" : "selenium.common.exceptions.WebDriverException: Message: unknown error: cannot connect to chrome at 127.0.0.1:9222\nfrom chrome not reachable\nStacktrace:\nBacktrace:\n\tOrdinal0 [0x002EAF23+2207523]\n\tOrdinal0 [0x002830E1+1781985]\n\tOrdinal0 [0x00193EB0+802480]\n\tOrdinal0 [0x00189835+759861]\n\tOrdinal0 [0x001B5432+939058]\n\tOrdinal0 [0x001AEB0D+912141]\n\tOrdinal0 [0x001AE8E6+911590]\n\tOrdinal0 [0x001E2200+1122816]\n\tOrdinal0 [0x001E1E5A+1121882]\n\tOrdinal0 [0x001DD406+1102854]\n\tOrdinal0 [0x001B75F0+947696]\n\tOrdinal0 [0x001B84E6+951526]\n\tGetHandleVerifier [0x00592A12+2733954]\n\tGetHandleVerifier [0x00584E28+2677656]\n\tGetHandleVerifier [0x003746EA+513114]\n\tGetHandleVerifier [0x00373796+509190]\n\tOrdinal0 [0x00289CEB+1809643]\n\tOrdinal0 [0x0028E448+1827912]\n\tOrdinal0 [0x0028E535+1828149]\n\tOrdinal0 [0x00297960+1866080]\n\tBaseThreadInitThunk [0x74BA8744+36]\n\tRtlGetAppContainerNamedObjectPath [0x7726584D+253]\n\tRtlGetAppContainerNamedObjectPath [0x7726581D+205]\n\t(No symbol) [0x00000000]",
      "children" : [ {
        "name" : "淘宝购物",
        "uid" : "86588d086a5c1577",
        "parentUid" : "132415584d20f44497f648e232655555",
        "status" : "broken",
        "time" : {
          "start" : 1657492788775,
          "stop" : 1657492788775,
          "duration" : 0
        },
        "flaky" : false,
        "newFailed" : false,
        "parameters" : [ ]
      }, {
        "name" : "test_del_goods",
        "uid" : "a2d0ac99b21b63d8",
        "parentUid" : "132415584d20f44497f648e232655555",
        "status" : "broken",
        "time" : {
          "start" : 1657492856894,
          "stop" : 1657492856894,
          "duration" : 0
        },
        "flaky" : false,
        "newFailed" : false,
        "parameters" : [ ]
      } ],
      "uid" : "132415584d20f44497f648e232655555"
    } ],
    "uid" : "bdbf199525818fae7a8651db9eafe741"
  } ]
}