{
  "uid" : "83edc06c07f9ae9e47eb6dd1b683e4e2",
  "name" : "packages",
  "children" : [ {
    "name" : "test_case.test_taobao2",
    "children" : [ {
      "name" : "淘宝购物",
      "uid" : "86588d086a5c1577",
      "parentUid" : "6d383e1520496e5aeaa95320de60cfd8",
      "status" : "broken",
      "time" : {
        "start" : 1657492788775,
        "stop" : 1657492788775,
        "duration" : 0
      },
      "flaky" : false,
      "newFailed" : false,
      "parameters" : [ ]
    }, {
      "name" : "test_del_goods",
      "uid" : "a2d0ac99b21b63d8",
      "parentUid" : "6d383e1520496e5aeaa95320de60cfd8",
      "status" : "broken",
      "time" : {
        "start" : 1657492856894,
        "stop" : 1657492856894,
        "duration" : 0
      },
      "flaky" : false,
      "newFailed" : false,
      "parameters" : [ ]
    } ],
    "uid" : "test_case.test_taobao2"
  } ]
}