{
  "uid" : "98d3104e051c652961429bf95fa0b5d6",
  "name" : "suites",
  "children" : [ {
    "name" : "test_case",
    "children" : [ {
      "name" : "test_taobao2",
      "children" : [ {
        "name" : "淘宝购物",
        "uid" : "86588d086a5c1577",
        "parentUid" : "a2fc61ac93387e4745e7227a56a268e6",
        "status" : "broken",
        "time" : {
          "start" : 1657492788775,
          "stop" : 1657492788775,
          "duration" : 0
        },
        "flaky" : false,
        "newFailed" : false,
        "parameters" : [ ]
      }, {
        "name" : "test_del_goods",
        "uid" : "a2d0ac99b21b63d8",
        "parentUid" : "a2fc61ac93387e4745e7227a56a268e6",
        "status" : "broken",
        "time" : {
          "start" : 1657492856894,
          "stop" : 1657492856894,
          "duration" : 0
        },
        "flaky" : false,
        "newFailed" : false,
        "parameters" : [ ]
      } ],
      "uid" : "a2fc61ac93387e4745e7227a56a268e6"
    } ],
    "uid" : "86abcc46617c603d802c3e378b13740e"
  } ]
}