{
  "uid" : "ab17fc5a4eb3bca4b216b548c7f9fcbc",
  "name" : "timeline",
  "children" : [ {
    "name" : "DESKTOP-VHJ2GFP",
    "children" : [ {
      "name" : "11256-MainThread",
      "children" : [ {
        "name" : "淘宝购物",
        "uid" : "86588d086a5c1577",
        "parentUid" : "8ab8fccfeb40e35493437e4e27f465f1",
        "status" : "broken",
        "time" : {
          "start" : 1657492788775,
          "stop" : 1657492788775,
          "duration" : 0
        },
        "flaky" : false,
        "newFailed" : false,
        "parameters" : [ ]
      }, {
        "name" : "test_del_goods",
        "uid" : "a2d0ac99b21b63d8",
        "parentUid" : "8ab8fccfeb40e35493437e4e27f465f1",
        "status" : "broken",
        "time" : {
          "start" : 1657492856894,
          "stop" : 1657492856894,
          "duration" : 0
        },
        "flaky" : false,
        "newFailed" : false,
        "parameters" : [ ]
      } ],
      "uid" : "8ab8fccfeb40e35493437e4e27f465f1"
    } ],
    "uid" : "46861a13b482249ee0641180acd15726"
  } ]
}