{
  "uid" : "83edc06c07f9ae9e47eb6dd1b683e4e2",
  "name" : "packages",
  "children" : [ {
    "name" : "test_case.test_taobao",
    "children" : [ {
      "name" : "淘宝搜索：玩巴克",
      "uid" : "f8f3fba2b59e18b4",
      "parentUid" : "6dc3d1bb64e756d3c3769b7519604308",
      "status" : "passed",
      "time" : {
        "start" : 1654210950805,
        "stop" : 1654210960316,
        "duration" : 9511
      },
      "flaky" : false,
      "newFailed" : false,
      "parameters" : [ "{'txt': '玩巴克'}" ]
    } ],
    "uid" : "test_case.test_taobao"
  } ]
}