{
  "uid" : "98d3104e051c652961429bf95fa0b5d6",
  "name" : "suites",
  "children" : [ {
    "name" : "test_case",
    "children" : [ {
      "name" : "test_taobao",
      "children" : [ {
        "name" : "淘宝搜索：玩巴克",
        "uid" : "f8f3fba2b59e18b4",
        "parentUid" : "26e581db6988b0f18f99056fe76874de",
        "status" : "passed",
        "time" : {
          "start" : 1654210950805,
          "stop" : 1654210960316,
          "duration" : 9511
        },
        "flaky" : false,
        "newFailed" : false,
        "parameters" : [ "{'txt': '玩巴克'}" ]
      } ],
      "uid" : "26e581db6988b0f18f99056fe76874de"
    } ],
    "uid" : "86abcc46617c603d802c3e378b13740e"
  } ]
}