{
  "uid" : "ab17fc5a4eb3bca4b216b548c7f9fcbc",
  "name" : "timeline",
  "children" : [ {
    "name" : "DESKTOP-VHJ2GFP",
    "children" : [ {
      "name" : "16496-MainThread",
      "children" : [ {
        "name" : "淘宝搜索：玩巴克",
        "uid" : "f8f3fba2b59e18b4",
        "parentUid" : "67021811861da3c74330071a14b8c6e9",
        "status" : "passed",
        "time" : {
          "start" : 1654210950805,
          "stop" : 1654210960316,
          "duration" : 9511
        },
        "flaky" : false,
        "newFailed" : false,
        "parameters" : [ "{'txt': '玩巴克'}" ]
      } ],
      "uid" : "67021811861da3c74330071a14b8c6e9"
    } ],
    "uid" : "46861a13b482249ee0641180acd15726"
  } ]
}